<?xml version="1.0" encoding="UTF-8" ?>
<manifest identifier="Privacy101" version="1.3" xmlns="http://www.imsglobal.org/xsd/imscp_v1p1"
	xmlns:xsi="http://www.w3.org/2001/XMLSchema-instance" 
	xmlns:imscp="http://www.imsglobal.org/xsd/imscp_v1p1"
	xmlns:adlcp="http://www.adlnet.org/xsd/adlcp_v1p3" 
	xmlns:imsss="http://www.imsglobal.org/xsd/imsss"
	xsi:schemaLocation="http://www.imsglobal.org/xsd/imscp_v1p1 imscp_v1p1.xsd 
						http://www.adlnet.org/xsd/adlcp_v1p3 adlcp_v1p3.xsd
						http://www.imsglobal.org/xsd/imsss imsss_v1p0.xsd
						http://ltsc.ieee.org/xsd/LOM lomStrict.xsd">
	<metadata>
		<schema>ADL SCORM</schema>
		<schemaversion>CAM 1.3</schemaversion>
		<lom xmlns="http://ltsc.ieee.org/xsd/LOM">
			<general>
				<identifier>
					<catalog>Macromedia Captivate Course</catalog>
					<entry>Privacy101</entry>
				</identifier>
				<title>
					<string language="x-none">Privacy 101</string>
				</title>
				<description>
					<string language="x-none">A quick course on Internet Privacy</string>
				</description>
				<keyword>
					<string language="x-none"></string>
				</keyword>
			</general>
			<lifeCycle>
				<version>
					<string language="x-none">1.0</string>
				</version>
				<status>
					<source>LOMv1.0</source>
					<value>final</value>
				</status>
			</lifeCycle>
			<metaMetadata>
				<identifier>
					<catalog>test</catalog>
					<entry>test 1000</entry>
				</identifier>
				<metadataSchema>LOMv1.0</metadataSchema>
				<metadataSchema>SCORM_CAM_v1.3</metadataSchema>
			</metaMetadata>
			<technical>
				<format>text/html</format>
				<location>.</location>
			</technical>
			<educational>
				<typicalLearningTime>
					<duration>PT00H05M</duration>
					<description> 
						<string language="x-none">Average length of time to experience this Captivate movie.</string>
					</description>
				</typicalLearningTime>
			</educational>
			<rights>
				<cost>
					<source>LOMv1.0</source>
					<value>no</value>
				</cost>
				<copyrightAndOtherRestrictions>
					<source>LOMv1.0</source>
					<value>no</value>
				</copyrightAndOtherRestrictions>
			</rights>
			<classification>
				<purpose>
					<source>LOMv1.0</source>
					<value>idea</value>
				</purpose>
				<description>
					<string language="x-none">A quick course on Internet Privacy</string>
				</description>
				<keyword>
					<string language="x-none">Macromedia Captivate</string>
					<string language="x-none"></string>
				</keyword>
			</classification>
		</lom>
	</metadata>
	<organizations default="Privacy101_ORG">
		<organization identifier="Privacy101_ORG">
			<title>Privacy 101</title>
			<item identifier="P1" isvisible="true" identifierref="P1_RES">
				<title>Browser Options</title>
				<imsss:sequencing>
					<imsss:objectives>
						<imsss:primaryObjective objectiveID="PRIMARYOBJ" satisfiedByMeasure="true">
							<imsss:minNormalizedMeasure></imsss:minNormalizedMeasure>
						</imsss:primaryObjective>
					</imsss:objectives>
				</imsss:sequencing>
				<adlcp:dataFromLMS>.</adlcp:dataFromLMS>
				<adlcp:timeLimitAction>exit,message</adlcp:timeLimitAction>
			</item>
		</organization>
	</organizations>
	<resources>
		<resource adlcp:scormType="sco" identifier="P1_RES" type="webcontent" href="Simulation.htm">
			<file href="Simulation.swf"></file>
			<file href="Simulation.htm"></file>
            <file href="SCORM_support/scorm_support.htm"/>
            <file href="SCORM_support/scorm_support.js"/>
            <file href="SCORM_support/scorm_support.swf"/>
		</resource>
	</resources>
</manifest>
